,jp_title,char_name,fav,img,colors,color_features,cluster
0,Horimiya,Izumi Miyamura (宮村 伊澄),16137,https://cdn.myanimelist.net/images/characters/12/507110.jpg,"[[194 222 249]
 [185 220 250]
 [177 200 225]
 [153 176 198]
 [134 146 170]
 [107 120 144]
 [ 75  85 105]
 [ 31  28  93]
 [ 14   9  12]
 [ 43  29  30]
 [ 50  45  49]
 [ 66  61  63]
 [ 75  41  44]
 [ 80  75  72]
 [ 87  81  80]
 [ 99  42  64]
 [104  79  65]
 [111 102 109]
 [142 129 131]
 [ 43  44 171]
 [172 159 167]
 [175 124  81]
 [183 133 162]
 [190 185 186]
 [175 152 207]
 [212 207 204]
 [228 226 228]
 [242 242 242]
 [249 248 248]
 [254 254 254]]","[0.52941176 0.50509804 0.56248366 0.26953285 0.2920685  0.29547171
 1.         0.2        0.03333333 0.03333333 0.         0.03333333
 0.         0.         0.         0.         0.1        0.
 0.         0.         0.1        0.03333333 0.         0.
 0.03333333 0.         0.         0.         0.03333333 0.06666667
 0.03333333 0.         0.         0.3       ]",1
1,Horimiya,Kyouko Hori (堀 京子),12528,https://cdn.myanimelist.net/images/characters/16/318188.jpg,"[[220 237 253]
 [208 227 250]
 [192 203 239]
 [173 182 230]
 [157 165 220]
 [130 139 183]
 [101 113 164]
 [ 87 102 155]
 [ 74  87 137]
 [ 66  77 124]
 [ 55  67 116]
 [ 48  56 102]
 [ 39  46  92]
 [ 33  38  78]
 [ 21  26  65]
 [ 16  17  45]
 [ 52  32  30]
 [ 72  52  48]
 [ 92  72  64]
 [103  84  74]
 [104  99 110]
 [129 124 133]
 [161 153 164]
 [174 174 179]
 [196 193 203]
 [100 115 204]
 [220 215 222]
 [238 234 239]
 [ 88 182 246]
 [251 251 252]]","[0.47058824 0.49176471 0.60405229 0.2669971  0.27549143 0.27831809
 1.         0.16666667 0.13333333 0.         0.         0.03333333
 0.         0.         0.         0.         0.06666667 0.
 0.         0.         0.16666667 0.1        0.         0.
 0.03333333 0.         0.         0.         0.         0.
 0.         0.         0.         0.3       ]",1
2,Mushoku Tensei: Isekai Ittara Honki Dasu,Rudeus Greyrat (ルーデウス・グレイラット),10221,https://cdn.myanimelist.net/images/characters/2/423667.jpg,"[[221 234 246]
 [179 215 251]
 [140 207 241]
 [166 193 219]
 [171 180 189]
 [112 167 212]
 [145 162 178]
 [101 155 200]
 [115 131 194]
 [ 92 136 180]
 [129 139 149]
 [ 84 121 161]
 [ 73 105 139]
 [ 96 104 113]
 [ 59  89 121]
 [ 49  74 103]
 [ 37  56  78]
 [ 36  38  95]
 [ 22  28  60]
 [ 10   9  11]
 [ 23  23  26]
 [ 39  39  41]
 [ 49  50  54]
 [ 65  67  72]
 [ 85  85  90]
 [115 121 129]
 [ 53  54 149]
 [159 151 154]
 [203 210 215]
 [254 254 254]]","[0.40287582 0.47019608 0.56522876 0.24430236 0.26393905 0.27250384
 1.         0.23333333 0.1        0.         0.         0.1
 0.         0.         0.         0.         0.         0.
 0.         0.         0.16666667 0.16666667 0.         0.
 0.06666667 0.         0.         0.         0.         0.
 0.         0.         0.         0.16666667]",4
3,Dr. Stone: Stone Wars,Senkuu Ishigami (石神 千空),22824,https://cdn.myanimelist.net/images/characters/8/380950.jpg,"[[213 231 245]
 [203 219 236]
 [188 205 224]
 [175 195 237]
 [182 197 213]
 [165 185 224]
 [155 175 212]
 [165 177 187]
 [137 160 203]
 [138 156 183]
 [127 146 168]
 [113 128 177]
 [112 129 151]
 [100 113 156]
 [ 95 109 133]
 [ 86 100 149]
 [ 77  89 121]
 [ 56  71 142]
 [ 65  78 104]
 [ 50  61 108]
 [ 36  48  87]
 [ 19  29  68]
 [  7  11  31]
 [ 27  39  37]
 [ 53  71  73]
 [ 99 125  98]
 [151 172 145]
 [ 64 128 246]
 [ 86 170 251]
 [240 249 254]]","[0.44235294 0.51843137 0.63568627 0.23836213 0.24392745 0.25445783
 1.         0.13333333 0.13333333 0.         0.         0.03333333
 0.03333333 0.         0.         0.         0.         0.
 0.         0.         0.2        0.1        0.         0.03333333
 0.13333333 0.         0.         0.         0.         0.
 0.         0.         0.         0.2       ]",4
4,Tensei shitara Slime Datta Ken 2nd Season,Rimuru Tempest (リムル＝テンペスト),23554,https://cdn.myanimelist.net/images/characters/4/495795.jpg,"[[219 232 248]
 [178 209 229]
 [145 164 201]
 [129 145 179]
 [ 62 121 144]
 [118 117 130]
 [ 44  80  99]
 [ 21  50  60]
 [ 11   5   9]
 [ 43  25  23]
 [ 72  46  39]
 [ 84  55  47]
 [104  78  71]
 [115  87  79]
 [115  72  39]
 [127  96  87]
 [149  99  55]
 [160 129 103]
 [177 157 142]
 [182 121  56]
 [193 141  75]
 [198 187 185]
 [203 159  94]
 [210 173 113]
 [217 188 142]
 [228 206 171]
 [240 227 193]
 [244 233 206]
 [247 240 222]
 [253 253 252]]","[0.58666667 0.53529412 0.4827451  0.27627741 0.26648542 0.27525082
 1.         0.16666667 0.03333333 0.         0.         0.03333333
 0.         0.         0.         0.         0.06666667 0.
 0.         0.06666667 0.1        0.06666667 0.         0.
 0.         0.         0.         0.         0.06666667 0.06666667
 0.         0.         0.06666667 0.26666667]",1
5,Re:Zero kara Hajimeru Isekai Seikatsu 2nd Season Part 2,Emilia  (エミリア),23267,https://cdn.myanimelist.net/images/characters/16/551926.jpg,"[[229 238 252]
 [185 192 238]
 [119 120 132]
 [104 103 114]
 [ 85  87  97]
 [ 49  38  54]
 [ 73  62  78]
 [105  69  96]
 [127  83 113]
 [141 100 128]
 [137 133 145]
 [149 148 158]
 [163 100 141]
 [163 160 168]
 [ 96 172  95]
 [174 125 156]
 [174 171 180]
 [185 182 190]
 [192 139 175]
 [197 193 201]
 [210 197 209]
 [219 158 180]
 [217 215 224]
 [231 230 234]
 [237 166 190]
 [235 234 238]
 [242 217 229]
 [243 239 244]
 [248 248 251]
 [254 254 254]]","[0.67751634 0.62392157 0.67503268 0.22583987 0.2357476  0.22491426
 1.         0.06666667 0.         0.         0.         0.
 0.         0.         0.         0.         0.         0.06666667
 0.         0.         0.26666667 0.         0.         0.03333333
 0.         0.         0.         0.         0.         0.03333333
 0.1        0.         0.         0.43333333]",0
6,Re:Zero kara Hajimeru Isekai Seikatsu 2nd Season Part 2,Subaru Natsuki (ナツキ・スバル),21895,https://cdn.myanimelist.net/images/characters/15/315153.jpg,"[[210 232 254]
 [195 221 253]
 [173 196 230]
 [133 161 241]
 [143 163 196]
 [ 97 136 204]
 [113 131 163]
 [ 77 107 156]
 [ 50  79 140]
 [ 48  64  97]
 [ 25  39  67]
 [ 20  23  35]
 [ 41  39  42]
 [ 55  52  55]
 [ 68  64  65]
 [ 75  69  68]
 [ 78  72  73]
 [ 84  85  88]
 [ 92  93  94]
 [103 104 106]
 [118 118 120]
 [147 149 154]
 [181 184 191]
 [ 62 101 200]
 [ 72 116 210]
 [212 215 221]
 [118 148 236]
 [242 244 246]
 [ 89 174 251]
 [254 254 254]]","[0.44117647 0.50104575 0.61568627 0.24677803 0.25251306 0.28972405
 1.         0.23333333 0.06666667 0.         0.         0.06666667
 0.06666667 0.         0.         0.         0.         0.
 0.         0.         0.16666667 0.13333333 0.         0.
 0.03333333 0.         0.         0.         0.         0.
 0.         0.         0.         0.23333333]",4
7,Re:Zero kara Hajimeru Isekai Seikatsu 2nd Season Part 2,Rem  (レム),45866,https://cdn.myanimelist.net/images/characters/9/311327.jpg,"[[206 224 251]
 [201 186 243]
 [183 161 234]
 [ 25   3  17]
 [ 59  13  37]
 [ 71  49  70]
 [ 97  72  93]
 [ 98  23  48]
 [119  98 118]
 [123  46  68]
 [144  68  89]
 [141 127 147]
 [160  90 123]
 [173 159 175]
 [178 121 146]
 [178  85  90]
 [202 102 108]
 [202 194 202]
 [203 128 171]
 [215 144 186]
 [219 127 126]
 [226 163 200]
 [230 147 142]
 [237 183 213]
 [242 167 157]
 [246 220 231]
 [251 187 175]
 [251 208 199]
 [228 249 253]
 [253 251 253]]","[0.70078431 0.52222222 0.59673203 0.24121345 0.26518636 0.26490398
 1.         0.1        0.         0.         0.         0.
 0.         0.         0.         0.         0.06666667 0.06666667
 0.         0.         0.1        0.         0.         0.
 0.         0.         0.         0.         0.         0.2
 0.16666667 0.         0.         0.3       ]",0
8,5-toubun no Hanayome ∬,Miku Nakano (中野 三玖),21635,https://cdn.myanimelist.net/images/characters/15/507743.jpg,"[[211 230 252]
 [168 206 251]
 [199 203 221]
 [160 176 225]
 [112 138 213]
 [128 140 201]
 [139 139 157]
 [106 123 194]
 [ 97 108 184]
 [104 111 154]
 [ 90  97 174]
 [ 82  84 150]
 [ 75  65 122]
 [ 60  55 108]
 [ 36  39  41]
 [ 62  59  61]
 [ 83  89  85]
 [ 95  96  93]
 [105  45  41]
 [110 111 110]
 [138  70  63]
 [174 112 100]
 [173 170 175]
 [216 148 121]
 [221 192 179]
 [247 227 201]
 [249 246 231]
 [253 249 214]
 [233 248 253]
 [253 254 254]]","[0.5724183  0.55294118 0.63111111 0.25491098 0.26164828 0.25650763
 1.         0.06666667 0.1        0.         0.         0.03333333
 0.         0.         0.         0.         0.06666667 0.
 0.         0.         0.13333333 0.16666667 0.         0.
 0.06666667 0.         0.         0.         0.         0.06666667
 0.         0.         0.         0.3       ]",1
9,5-toubun no Hanayome ∬,Nino Nakano (中野 二乃),14892,https://cdn.myanimelist.net/images/characters/7/437011.jpg,"[[212 231 253]
 [204 224 253]
 [188 196 249]
 [180 171 251]
 [190 188 200]
 [167 174 231]
 [158 157 179]
 [123 116 176]
 [104  88 167]
 [ 91  80 138]
 [ 56  41  69]
 [ 81  63  85]
 [106  74  90]
 [119  86 106]
 [120  60  48]
 [137  94 113]
 [135 131 147]
 [148 102 124]
 [179  99  80]
 [185 165  91]
 [117  95 195]
 [135 115 211]
 [226 211 216]
 [223 229  95]
 [148 125 233]
 [240 240 244]
 [155 130 245]
 [162 139 246]
 [169 151 249]
 [254 253 254]]","[0.61594771 0.55267974 0.68470588 0.18617041 0.231133   0.26688495
 1.         0.03333333 0.03333333 0.         0.         0.
 0.         0.         0.         0.         0.03333333 0.06666667
 0.         0.         0.16666667 0.26666667 0.         0.
 0.03333333 0.         0.         0.         0.03333333 0.03333333
 0.         0.         0.03333333 0.26666667]",0
10,Nanatsu no Taizai: Funnu no Shinpan,Ban  (バン),11892,https://cdn.myanimelist.net/images/characters/14/267813.jpg,"[[157 197 252]
 [192 193 207]
 [143 177 249]
 [154 152 173]
 [ 96 120 200]
 [117 114 135]
 [ 53  64 119]
 [ 28  22  96]
 [ 28  22  84]
 [  9   9  49]
 [ 63  56  57]
 [ 90  86  88]
 [100  88  37]
 [ 15  10 120]
 [127 115  62]
 [ 35  29 141]
 [ 47  64 164]
 [ 33  21 168]
 [169 159 111]
 [ 48  36 185]
 [ 63  81 187]
 [ 34  21 193]
 [205 197 146]
 [ 36  21 211]
 [231 223 169]
 [120 149 237]
 [239 237 230]
 [ 48  33 239]
 [ 77  72 244]
 [253 253 253]]","[0.39346405 0.39490196 0.62823529 0.27768349 0.29259414 0.25608053
 1.         0.1        0.2        0.2        0.         0.
 0.         0.         0.         0.         0.         0.
 0.         0.06666667 0.1        0.1        0.         0.
 0.06666667 0.         0.         0.         0.         0.
 0.         0.         0.06666667 0.1       ]",2
11,Bungou Stray Dogs Wan!,Osamu Dazai (太宰 治),35854,https://cdn.myanimelist.net/images/characters/5/307236.jpg,"[[217 234 249]
 [204 222 240]
 [195 215 233]
 [152 176 192]
 [131 162 180]
 [121 152 172]
 [108 142 163]
 [100 117 129]
 [ 75  97 111]
 [ 65  77  87]
 [ 50  59  69]
 [ 43  50  60]
 [  2   4   9]
 [ 12  17  23]
 [ 25  29  34]
 [ 32  38  44]
 [ 38  44  52]
 [ 98  96  95]
 [132 137 140]
 [140 114  91]
 [163 161 159]
 [169 150 127]
 [179 176 173]
 [189 195 200]
 [213 201 184]
 [218 215 211]
 [237 234 231]
 [244 243 243]
 [254 254 254]
 [232 248 254]]","[0.52784314 0.55673203 0.57633987 0.29838576 0.29564307 0.29580602
 1.         0.23333333 0.03333333 0.         0.         0.03333333
 0.         0.         0.         0.         0.         0.
 0.         0.         0.23333333 0.06666667 0.         0.
 0.03333333 0.         0.         0.         0.         0.
 0.         0.         0.         0.36666667]",1
12,Jujutsu Kaisen,Satoru Gojou (五条 悟),61958,https://cdn.myanimelist.net/images/characters/15/422168.jpg,"[[198 211 244]
 [178 196 233]
 [130 141 167]
 [ 11   4   4]
 [ 25  15  20]
 [ 30  16   3]
 [ 32  22  25]
 [ 38  28  30]
 [ 43  37   4]
 [ 45  32  37]
 [ 48  23   4]
 [ 59  45   5]
 [ 66  51  59]
 [ 73  57   8]
 [ 87  73  83]
 [ 92  74  10]
 [112  92  37]
 [116  95   7]
 [117  87  96]
 [115 112 124]
 [139  92 107]
 [139 117   9]
 [162 145 147]
 [168 145   9]
 [179 166 176]
 [203 181 188]
 [216 198 204]
 [227 215 220]
 [237 230 235]
 [246 240 245]]","[0.46156863 0.41045752 0.35816993 0.27340984 0.28240982 0.34795804
 1.         0.36666667 0.         0.         0.         0.
 0.         0.         0.         0.         0.06666667 0.
 0.         0.13333333 0.16666667 0.         0.         0.
 0.         0.         0.         0.         0.         0.
 0.03333333 0.         0.         0.23333333]",6
13,Jujutsu Kaisen,Yuuji Itadori (虎杖 悠仁),16760,https://cdn.myanimelist.net/images/characters/6/467646.jpg,"[[221 237 250]
 [199 229 254]
 [187 216 247]
 [171 203 240]
 [161 187 231]
 [154 172 222]
 [134 153 200]
 [105 128 186]
 [ 97 103 177]
 [ 37 117 130]
 [ 92  94 154]
 [ 68  77 126]
 [ 48  55 101]
 [ 37  42  77]
 [ 33  27 104]
 [ 26  18  87]
 [ 30  31  52]
 [ 22  15  69]
 [ 20  10  48]
 [  9  10  17]
 [ 32  20  24]
 [ 53  35  38]
 [ 96  67  61]
 [107  75  68]
 [ 43  36 139]
 [148 114 106]
 [ 50  44 167]
 [ 54  53 181]
 [ 48  49 191]
 [252 253 253]]","[0.35738562 0.3751634  0.54901961 0.26087076 0.2949745  0.2946157
 1.         0.23333333 0.2        0.06666667 0.         0.03333333
 0.         0.         0.         0.         0.06666667 0.
 0.         0.         0.06666667 0.1        0.         0.
 0.06666667 0.         0.         0.         0.         0.
 0.         0.         0.         0.16666667]",2
14,Jujutsu Kaisen,Megumi Fushiguro (伏黒 恵),12728,https://cdn.myanimelist.net/images/characters/2/392689.jpg,"[[211 237 251]
 [199 230 249]
 [192 220 239]
 [176 199 225]
 [129 199 228]
 [159 178 209]
 [139 160 193]
 [ 81 164 206]
 [ 69 140 186]
 [123 139 162]
 [102 115 137]
 [ 58 107 161]
 [ 80  91 115]
 [ 45  73 130]
 [ 60  68  88]
 [ 31  45  87]
 [ 25  29  54]
 [ 16   9  90]
 [  6   5  46]
 [  5   2  23]
 [  6   1   5]
 [ 14   3   5]
 [ 28  13  11]
 [ 43  23  17]
 [ 65  37  23]
 [ 90  49  16]
 [ 21  11 105]
 [107  65  22]
 [ 87 196 224]
 [236 247 252]]","[0.34026144 0.39934641 0.49137255 0.25997305 0.32243162 0.34199309
 1.         0.26666667 0.16666667 0.         0.         0.06666667
 0.06666667 0.         0.         0.         0.06666667 0.
 0.         0.         0.06666667 0.03333333 0.         0.
 0.1        0.         0.         0.         0.         0.
 0.         0.         0.         0.16666667]",6
15,Jujutsu Kaisen,Nobara Kugisaki (釘崎 野薔薇),10617,https://cdn.myanimelist.net/images/characters/12/422313.jpg,"[[207 219 245]
 [199 213 241]
 [168 194 230]
 [117 163 211]
 [151 162 192]
 [135 145 176]
 [ 77 130 185]
 [ 70 115 172]
 [ 96 112 141]
 [ 62 102 157]
 [ 62  86 123]
 [ 41  62 100]
 [ 33  34 114]
 [ 30  49  85]
 [ 26  24  89]
 [ 20  24  67]
 [ 12  11  52]
 [  6   6  32]
 [  4   3   8]
 [ 18  11  14]
 [ 33  22  22]
 [ 42  29  29]
 [ 48  34  36]
 [ 59  39  41]
 [ 92  60  56]
 [125  75  65]
 [139  86  76]
 [ 42  33 144]
 [ 62  21 185]
 [191 176 174]]","[0.30941176 0.31895425 0.45254902 0.23285082 0.25694372 0.28334539
 1.         0.3        0.16666667 0.03333333 0.         0.06666667
 0.06666667 0.         0.         0.         0.06666667 0.
 0.         0.03333333 0.03333333 0.1        0.         0.
 0.03333333 0.         0.         0.         0.         0.
 0.         0.         0.         0.1       ]",6
16,Jujutsu Kaisen,Kento Nanami (七海 建人),12627,https://cdn.myanimelist.net/images/characters/16/581424.jpg,"[[222 244 251]
 [209 235 250]
 [199 229 249]
 [195 230 235]
 [187 225 245]
 [184 225 232]
 [173 219 228]
 [154 206 223]
 [149 178 188]
 [126 156 165]
 [107 135 144]
 [ 92 117 128]
 [ 78 105 119]
 [ 69  92 107]
 [ 43  71  90]
 [  4  10  10]
 [ 29  23   8]
 [ 13  31  29]
 [ 27  36  35]
 [ 44  38  23]
 [ 34  49  51]
 [ 45  65  62]
 [ 79  67  43]
 [ 63  82  85]
 [111  95  62]
 [124 105  69]
 [133 112  75]
 [179 198 203]
 [207 235 240]
 [244 253 254]]","[0.46052288 0.53150327 0.53633987 0.27443637 0.30906296 0.3406482
 1.         0.26666667 0.06666667 0.         0.         0.06666667
 0.         0.         0.         0.         0.         0.
 0.         0.1        0.1        0.         0.         0.
 0.06666667 0.         0.         0.         0.         0.
 0.         0.         0.         0.33333333]",1
17,Jujutsu Kaisen,Sukuna Ryoumen (両面 宿儺),12576,https://cdn.myanimelist.net/images/characters/6/431152.jpg,"[[205 200 248]
 [190 184 247]
 [176 168 246]
 [148 126 202]
 [ 53  43 129]
 [ 44  37 113]
 [ 37  28  97]
 [ 28  16  75]
 [ 22  15  56]
 [ 20  12  12]
 [ 15  10  30]
 [ 33  20  38]
 [ 48  34  62]
 [ 57  39  87]
 [ 71  50 106]
 [ 87  61 125]
 [103  76 146]
 [ 64  53 147]
 [128  96 167]
 [ 76  64 168]
 [108  97 191]
 [ 91  66 193]
 [186 142 222]
 [121  94 223]
 [138 118 236]
 [209 163 238]
 [160 149 243]
 [224 180 248]
 [235 194 249]
 [249 211 250]]","[0.43477124 0.35895425 0.62666667 0.27849163 0.25063647 0.29974469
 1.         0.2        0.23333333 0.         0.         0.
 0.         0.         0.         0.         0.         0.06666667
 0.03333333 0.         0.03333333 0.16666667 0.         0.
 0.         0.         0.         0.         0.         0.
 0.1        0.         0.         0.16666667]",6
18,Tokyo Revengers,Manjirou Sano (佐野 万次郎),10622,https://cdn.myanimelist.net/images/characters/4/514406.jpg,"[[201 233 251]
 [208 225 244]
 [191 225 246]
 [197 215 234]
 [179 206 228]
 [157 184 212]
 [139 172 213]
 [127 165 212]
 [137 161 186]
 [118 143 169]
 [ 99 121 145]
 [ 77  98 120]
 [ 49  73 104]
 [ 39  39  39]
 [ 52  51  52]
 [ 72  70  73]
 [112 112 109]
 [144 144 134]
 [164 164 153]
 [176 175 169]
 [188 186 180]
 [199 200 195]
 [205 210 210]
 [221 219 218]
 [231 231 230]
 [240 197 131]
 [244 213 167]
 [246 226 195]
 [251 239 218]
 [253 250 246]]","[0.64261438 0.67281046 0.69058824 0.24879097 0.22919253 0.22814487
 1.         0.1        0.03333333 0.         0.         0.03333333
 0.         0.         0.         0.         0.         0.
 0.         0.         0.16666667 0.06666667 0.         0.
 0.06666667 0.         0.         0.         0.         0.
 0.         0.         0.1        0.43333333]",1
19,Boku no Hero Academia 5th Season,Izuku Midoriya (緑谷 出久),25537,https://cdn.myanimelist.net/images/characters/7/299404.jpg,"[[185 218 253]
 [160 187 226]
 [127 154 196]
 [ 93 124 182]
 [ 87 109 146]
 [ 59  79 111]
 [ 30  48  75]
 [  5   7  92]
 [  3   7  54]
 [  0   1  23]
 [  3   3   3]
 [ 15  19   2]
 [ 32  37   5]
 [ 49  47  43]
 [ 50  60   7]
 [ 81  78  75]
 [ 83  67   3]
 [ 65  84  18]
 [ 79 103  19]
 [ 77 107   4]
 [116 113 109]
 [  1   1 117]
 [  2   2 142]
 [148 146 143]
 [  1   1 164]
 [ 11  13 166]
 [181 174 166]
 [212 212 212]
 [ 35 202 239]
 [249 249 249]]","[0.29267974 0.34666667 0.42405229 0.26971058 0.29275782 0.32617415
 1.         0.36666667 0.2        0.         0.06666667 0.
 0.         0.         0.         0.03333333 0.         0.
 0.         0.         0.1        0.06666667 0.         0.
 0.03333333 0.         0.         0.         0.         0.
 0.         0.         0.03333333 0.1       ]",6
20,Boku no Hero Academia 5th Season,Shouto Todoroki (轟 焦凍),25439,https://cdn.myanimelist.net/images/characters/12/332527.jpg,"[[190 221 251]
 [180 214 249]
 [154 183 219]
 [124 153 189]
 [102 139 192]
 [ 95 126 174]
 [ 80 101 145]
 [ 62  82 123]
 [ 40  50 100]
 [ 39  48  64]
 [ 28  30  83]
 [ 23  18 100]
 [ 18  16  75]
 [ 38  28  21]
 [ 49  41  38]
 [ 63  43  36]
 [ 73  58  54]
 [ 73  74  83]
 [100  83  78]
 [117  94  88]
 [120 104 100]
 [ 39  32 124]
 [122 123 127]
 [ 38  29 141]
 [ 57  53 150]
 [155 154 143]
 [173 176 173]
 [ 83  98 192]
 [208 211 210]
 [238 241 241]]","[0.37660131 0.3951634  0.51803922 0.23063021 0.25985077 0.25333728
 1.         0.26666667 0.2        0.         0.         0.03333333
 0.03333333 0.         0.         0.         0.03333333 0.
 0.         0.         0.13333333 0.1        0.         0.
 0.03333333 0.         0.         0.         0.         0.
 0.         0.         0.         0.16666667]",6
21,Boku no Hero Academia 5th Season,Katsuki Bakugou (爆豪 勝己),23065,https://cdn.myanimelist.net/images/characters/12/299406.jpg,"[[191 229 252]
 [181 224 248]
 [178 212 253]
 [159 192 218]
 [130 162 188]
 [105 139 168]
 [ 81 114 157]
 [ 73  97 123]
 [ 51  74  97]
 [ 32  53  75]
 [ 15  32  49]
 [  5   5  93]
 [  1   1  60]
 [  1   5  29]
 [  1   2   7]
 [ 28  23   8]
 [ 53  49  43]
 [ 57  47   7]
 [ 83  79  73]
 [ 83  66   3]
 [113 108 102]
 [  1   1 116]
 [  2   2 137]
 [144 140 135]
 [  2   1 156]
 [  1   1 169]
 [180 173 164]
 [213 211 209]
 [ 24 196 232]
 [248 248 248]]","[0.31843137 0.3772549  0.49921569 0.29178228 0.32456977 0.31311894
 1.         0.33333333 0.2        0.         0.         0.06666667
 0.         0.         0.         0.03333333 0.         0.
 0.         0.         0.1        0.03333333 0.         0.
 0.03333333 0.         0.         0.         0.         0.
 0.         0.         0.03333333 0.16666667]",6
22,86,Vladilena Milizé (ヴラディレーナ・ミリーゼ),12188,https://cdn.myanimelist.net/images/characters/15/428175.jpg,"[[231 240 252]
 [ 75  35  31]
 [ 82  55  65]
 [ 89  41  29]
 [ 98  81  94]
 [112  70  64]
 [106  95 120]
 [128  91  87]
 [130 112 116]
 [124 113 140]
 [143 127 127]
 [148  86  72]
 [150 108 100]
 [157 137 153]
 [169 125 113]
 [179 136 124]
 [180 157 159]
 [174 159 186]
 [187 146 133]
 [194 156 142]
 [200 164 151]
 [180 165 204]
 [192 176 204]
 [206 174 165]
 [216 190 185]
 [213 206 220]
 [235 213 209]
 [245 233 231]
 [250 248 250]
 [252 238 236]]","[0.65947712 0.55908497 0.57019608 0.19949721 0.23003866 0.24276928
 1.         0.06666667 0.         0.         0.         0.
 0.         0.         0.         0.         0.06666667 0.03333333
 0.         0.03333333 0.26666667 0.         0.         0.
 0.         0.         0.         0.         0.         0.16666667
 0.06666667 0.         0.03333333 0.26666667]",0
23,Fruits Basket: The Final,Kyou Souma (草摩 夾),15484,https://cdn.myanimelist.net/images/characters/11/413334.jpg,"[[229 241 250]
 [184 223 246]
 [217 218 232]
 [162 207 243]
 [129 196 245]
 [124 180 237]
 [150 172 220]
 [113 161 228]
 [130 151 195]
 [106 141 222]
 [ 97 152 191]
 [ 96 121 197]
 [105 123 169]
 [ 82 101 169]
 [ 80  90 142]
 [ 79  75 161]
 [ 66  76 122]
 [ 61  64 139]
 [ 50  54 108]
 [ 66  60  85]
 [ 32  33  67]
 [ 75  42  76]
 [ 98  68  96]
 [132  79 108]
 [136 124 145]
 [ 81  55 180]
 [176 164 183]
 [ 84  86 206]
 [213 195 210]
 [ 85 100 215]]","[0.44941176 0.49045752 0.69111111 0.19524686 0.23262083 0.2153192
 1.         0.06666667 0.16666667 0.03333333 0.         0.06666667
 0.03333333 0.         0.         0.         0.         0.06666667
 0.         0.         0.06666667 0.2        0.         0.
 0.13333333 0.         0.         0.         0.         0.
 0.03333333 0.         0.         0.13333333]",4
24,Fruits Basket: The Final,Tooru Honda (本田 透),11412,https://cdn.myanimelist.net/images/characters/2/384113.jpg,"[[228 241 253]
 [209 220 245]
 [175 185 239]
 [165 167 203]
 [140 142 189]
 [127 127 173]
 [112 110 157]
 [ 99  92 139]
 [ 85  76 125]
 [ 69  60 108]
 [ 56  43  88]
 [ 13   5  34]
 [ 31  14  54]
 [ 43  24  69]
 [102  24  16]
 [ 68 117  99]
 [136  72  62]
 [142  33  16]
 [165 112 107]
 [175  66  37]
 [ 94  64 179]
 [187  76  44]
 [109 188 159]
 [199 154 147]
 [223 190 200]
 [130  90 226]
 [164 133 241]
 [246 191 149]
 [249 223 205]
 [252 249 249]]","[0.54810458 0.45594771 0.55058824 0.25816848 0.27581935 0.29321098
 1.         0.1        0.06666667 0.         0.         0.03333333
 0.         0.         0.         0.         0.1        0.03333333
 0.03333333 0.         0.1        0.16666667 0.         0.03333333
 0.         0.06666667 0.         0.         0.         0.03333333
 0.         0.         0.03333333 0.2       ]",3
25,Kobayashi-san Chi no Maid Dragon S,Kanna Kamui (カンナ・カムイ),10503,https://cdn.myanimelist.net/images/characters/2/322173.jpg,"[[223 237 249]
 [213 223 234]
 [201 187 248]
 [180 182 232]
 [176 180 190]
 [161 151 214]
 [157 165 174]
 [135 139 186]
 [137 144 156]
 [111 117 163]
 [ 96 107 126]
 [ 70  61  55]
 [ 81  85  79]
 [106  80  78]
 [100 109  93]
 [116 117  79]
 [126  63  58]
 [122 128 137]
 [126 140 107]
 [155  99 101]
 [140 163 135]
 [189 142 147]
 [203 186 187]
 [198 200 209]
 [214 146 190]
 [223 214 205]
 [235 194 236]
 [239 233 236]
 [244 245 246]
 [248 236 240]]","[0.64379085 0.61084967 0.65228758 0.20366269 0.2056131  0.24361188
 1.         0.03333333 0.         0.         0.03333333 0.
 0.         0.         0.         0.         0.06666667 0.
 0.         0.03333333 0.26666667 0.1        0.         0.
 0.         0.         0.         0.         0.         0.03333333
 0.03333333 0.         0.         0.4       ]",0
26,Magia Record: Mahou Shoujo Madoka☆Magica Gaiden 2nd Season - Kakusei Zenya,Homura Akemi (暁美 ほむら),25784,https://cdn.myanimelist.net/images/characters/16/526748.jpg,"[[208 227 251]
 [201 221 247]
 [186 204 229]
 [166 181 209]
 [150 163 199]
 [136 151 178]
 [113 129 152]
 [ 59 124 139]
 [103 110 119]
 [ 67  84 106]
 [ 42  57  76]
 [  0   5   8]
 [  6  19  22]
 [ 20  31  34]
 [ 29  38  42]
 [ 37  43  49]
 [ 45  51  55]
 [ 56  57  59]
 [ 65  68  71]
 [ 78  78  79]
 [ 90  96  97]
 [100  74  81]
 [130 128 131]
 [156 141 151]
 [146 156 155]
 [169 177 174]
 [183 159 175]
 [187 128 137]
 [200 206 202]
 [251 249 249]]","[0.44169935 0.46470588 0.50666667 0.26609412 0.25933155 0.27759683
 1.         0.33333333 0.03333333 0.         0.         0.03333333
 0.         0.         0.         0.         0.03333333 0.
 0.         0.         0.2        0.06666667 0.         0.
 0.06666667 0.         0.         0.         0.         0.03333333
 0.03333333 0.         0.         0.16666667]",6
27,Kimetsu no Yaiba: Mugen Ressha-hen,Tanjirou Kamado (竈門 炭治郎),24662,https://cdn.myanimelist.net/images/characters/6/386735.jpg,"[[184 216 249]
 [174 208 247]
 [165 193 238]
 [148 167 208]
 [125 131 181]
 [106 111 153]
 [ 95  74 153]
 [ 89  77 131]
 [ 75  66 110]
 [ 54  48 100]
 [ 52  46  80]
 [ 34  27  59]
 [ 18  12  38]
 [  7   4   6]
 [ 10   4  18]
 [ 34  32  15]
 [ 47  46  14]
 [ 45  47  33]
 [ 64  56  11]
 [ 84  64   5]
 [ 79  93   5]
 [ 95  75  49]
 [101  83   2]
 [126  97  62]
 [108 135  19]
 [144 128 101]
 [120 156   3]
 [172 164 159]
 [217 212 207]
 [243 245 250]]","[0.39411765 0.39437908 0.37986928 0.2345757  0.2642134  0.33664595
 1.         0.33333333 0.06666667 0.         0.03333333 0.
 0.         0.         0.         0.         0.06666667 0.06666667
 0.         0.1        0.06666667 0.06666667 0.         0.
 0.03333333 0.         0.         0.         0.         0.03333333
 0.         0.         0.         0.13333333]",6
28,Kimetsu no Yaiba: Mugen Ressha-hen,Zenitsu Agatsuma (我妻 善逸),16544,https://cdn.myanimelist.net/images/characters/10/459689.jpg,"[[192 219 247]
 [139 221 247]
 [180 208 240]
 [181 191 201]
 [140 183 216]
 [ 94 171 217]
 [125 157 205]
 [ 78 155 215]
 [101 148 181]
 [ 62 147 187]
 [ 66 134 208]
 [ 54 131 173]
 [127 130 140]
 [ 78 121 157]
 [ 45 116 159]
 [ 37 101 138]
 [ 86  94 110]
 [ 12  78 131]
 [ 34  80 111]
 [ 17  56  90]
 [ 45  58  74]
 [ 17  31  56]
 [  8  12  27]
 [163 162 168]
 [216 219 222]
 [ 48 139 230]
 [ 91 196 234]
 [104 206 239]
 [117 213 242]
 [235 243 245]]","[0.37803922 0.56470588 0.69411765 0.24230217 0.23466146 0.23911709
 1.         0.1        0.1        0.         0.         0.1
 0.16666667 0.         0.         0.         0.         0.
 0.         0.         0.1        0.06666667 0.         0.
 0.2        0.         0.         0.         0.         0.
 0.         0.         0.         0.16666667]",4
29,Kimetsu no Yaiba: Mugen Ressha-hen,Inosuke Hashibira (嘴平 伊之助),15077,https://cdn.myanimelist.net/images/characters/3/329560.jpg,"[[178 224 246]
 [155 199 246]
 [129 184 246]
 [104 167 244]
 [ 83 136 206]
 [130 121 207]
 [ 50  94 158]
 [ 25  54 118]
 [ 10  14  18]
 [ 31  39  41]
 [ 53  61  59]
 [ 76  81  85]
 [ 97 102 106]
 [ 62 109  52]
 [116 120 123]
 [132 137 143]
 [150 157 163]
 [166 174 180]
 [194 199 202]
 [ 27 125 208]
 [ 87 188 215]
 [ 42 169 230]
 [217 230 237]
 [ 62 200 239]
 [ 56 132 241]
 [ 70 142 242]
 [ 86 156 244]
 [ 88 221 247]
 [129 230 248]
 [247 250 250]]","[0.39895425 0.57712418 0.71163399 0.22965114 0.23446932 0.28299443
 1.         0.1        0.06666667 0.         0.03333333 0.03333333
 0.16666667 0.         0.         0.03333333 0.         0.
 0.         0.         0.13333333 0.1        0.         0.
 0.2        0.         0.         0.         0.         0.
 0.         0.         0.         0.13333333]",4
30,Kimetsu no Yaiba: Mugen Ressha-hen,Nezuko Kamado (竈門 禰豆子),14415,https://cdn.myanimelist.net/images/characters/2/378254.jpg,"[[227 222 251]
 [220 214 242]
 [ 18   2   4]
 [ 27   8  15]
 [ 45  22  32]
 [ 55  31  40]
 [ 65  38  51]
 [ 73  52  57]
 [ 77  50  86]
 [ 91  82  91]
 [100 115 102]
 [117  92 119]
 [101  52 132]
 [115 133 119]
 [133  73 134]
 [141 114 142]
 [128 149 132]
 [160 130 163]
 [158 164 167]
 [171 133 169]
 [141 102 172]
 [181 142 174]
 [176 183 185]
 [163 126 195]
 [200 179 204]
 [181 144 217]
 [191 152 228]
 [213 204 231]
 [214 166 234]
 [238 208 232]]","[0.53856209 0.4551634  0.56470588 0.23971304 0.24611696 0.28035788
 1.         0.2        0.03333333 0.         0.         0.
 0.         0.         0.         0.         0.         0.1
 0.         0.         0.23333333 0.06666667 0.         0.
 0.         0.         0.         0.         0.         0.03333333
 0.13333333 0.         0.         0.2       ]",0
31,Kimetsu no Yaiba: Mugen Ressha-hen,Kyoujurou Rengoku (煉獄 杏寿郎),14170,https://cdn.myanimelist.net/images/characters/10/423443.jpg,"[[197 246 253]
 [172 215 253]
 [159 202 252]
 [128 164 223]
 [ 98 127 197]
 [ 71 107 170]
 [ 38  76 147]
 [ 80  81 108]
 [ 27  54 113]
 [ 48  45  68]
 [ 10  17  86]
 [  9   9  28]
 [  2   1   5]
 [126 122 132]
 [ 12  23 148]
 [158 153 161]
 [ 10  94 182]
 [182 179 185]
 [ 41  91 193]
 [ 30  33 199]
 [ 52 112 210]
 [217 214 218]
 [ 40  54 223]
 [ 70 143 225]
 [ 71 178 244]
 [ 36 135 249]
 [ 88 203 251]
 [101 222 253]
 [120 245 253]
 [253 254 254]]","[0.34588235 0.49660131 0.71673203 0.26612864 0.29891938 0.27190111
 1.         0.1        0.16666667 0.06666667 0.         0.
 0.2        0.         0.         0.03333333 0.         0.
 0.         0.         0.06666667 0.06666667 0.         0.
 0.13333333 0.         0.         0.         0.         0.
 0.         0.         0.         0.16666667]",2
32,Kimetsu no Yaiba: Mugen Ressha-hen,Shinobu Kochou (胡蝶 しのぶ),12094,https://cdn.myanimelist.net/images/characters/3/386591.jpg,"[[233 235 247]
 [204 204 230]
 [184 188 215]
 [126 126 202]
 [ 57  71 152]
 [ 26  16  22]
 [ 41  10  20]
 [ 45  31  41]
 [ 58  41  52]
 [ 67  57  77]
 [ 81  44  58]
 [ 95  57  73]
 [ 99  84 105]
 [124  57  86]
 [129 115 128]
 [146  71 103]
 [149 142 159]
 [174  81 115]
 [174 169 182]
 [ 83  97 185]
 [190 164 135]
 [191 112 152]
 [201 194 201]
 [218 212 215]
 [233 142 188]
 [234 163 201]
 [238 111 164]
 [241 235 241]
 [246 188 229]
 [252 247 250]]","[0.59333333 0.47895425 0.57882353 0.27824563 0.27070706 0.27286829
 1.         0.2        0.03333333 0.         0.         0.
 0.03333333 0.         0.         0.         0.03333333 0.1
 0.         0.         0.06666667 0.03333333 0.         0.
 0.         0.         0.03333333 0.         0.         0.1
 0.1        0.         0.         0.26666667]",0
33,Kimetsu no Yaiba: Mugen Ressha-hen,Giyuu Tomioka (冨岡 義勇),11742,https://cdn.myanimelist.net/images/characters/3/423445.jpg,"[[202 224 251]
 [176 196 240]
 [ 74 149 219]
 [122 134 191]
 [ 66 105 172]
 [ 41  69 136]
 [ 62  47 107]
 [ 29  39  94]
 [  6   3   6]
 [ 16  11  18]
 [ 35  28  23]
 [ 27  18  48]
 [ 57  42  40]
 [ 73  52  53]
 [ 91  65  65]
 [ 77 100  42]
 [108  81  79]
 [127 100  90]
 [101 132  60]
 [ 82  56 135]
 [147 125 122]
 [ 99  68 159]
 [134 170  83]
 [118  79 182]
 [203 194 168]
 [227  99  75]
 [ 96 186 242]
 [251 223  45]
 [244 251 250]
 [125 229 252]]","[0.42039216 0.42810458 0.47673203 0.25940201 0.27765718 0.30412716
 1.         0.2        0.13333333 0.         0.03333333 0.
 0.06666667 0.         0.         0.         0.06666667 0.03333333
 0.03333333 0.03333333 0.06666667 0.03333333 0.03333333 0.
 0.06666667 0.         0.         0.         0.03333333 0.
 0.         0.03333333 0.03333333 0.1       ]",5
34,Kaginado,Tomoya Okazaki (岡崎 朋也),14819,https://cdn.myanimelist.net/images/characters/6/508343.jpg,"[[198 215 229]
 [128 199 249]
 [163 166 181]
 [ 93 154 213]
 [135 136 157]
 [112 116 140]
 [ 59 105 176]
 [ 55  88 152]
 [ 49  63 111]
 [ 25  35  92]
 [ 33  23  38]
 [ 51  24  27]
 [ 67  36  39]
 [ 84  51  54]
 [103  65  68]
 [122  86  83]
 [145 108 105]
 [147  34  12]
 [167  66  46]
 [ 21  87 168]
 [171 138 127]
 [196 106  77]
 [200 179 164]
 [ 82  73 204]
 [223 155 125]
 [237 185 153]
 [243 239 225]
 [244 226 198]
 [246 207 172]
 [245 249 252]]","[0.52862745 0.4724183  0.52771242 0.28375903 0.26593659 0.26846125
 1.         0.13333333 0.06666667 0.03333333 0.         0.06666667
 0.03333333 0.         0.         0.         0.1        0.
 0.         0.03333333 0.1        0.06666667 0.         0.
 0.03333333 0.         0.         0.         0.03333333 0.06666667
 0.         0.         0.06666667 0.16666667]",1
35,Kaginado,Nagisa Furukawa (古河 渚),11225,https://cdn.myanimelist.net/images/characters/3/300961.jpg,"[[192 226 253]
 [160 202 242]
 [139 184 205]
 [ 98 154 234]
 [118 169 188]
 [ 97 123 172]
 [ 43  81 159]
 [ 73  89 121]
 [ 19  58 140]
 [ 40  42  66]
 [  5  22  93]
 [  3  16  66]
 [  1   7  49]
 [  1   5  26]
 [ 39  10  31]
 [ 72  53  74]
 [116  56  76]
 [  9  33 121]
 [124  87 103]
 [152 138 140]
 [ 18  72 167]
 [172 160 165]
 [ 34  80 180]
 [ 55 104 197]
 [200 194 202]
 [ 34  92 202]
 [ 72 125 213]
 [ 83  63 213]
 [229 230 237]
 [251 252 253]]","[0.34627451 0.40875817 0.59973856 0.27865433 0.27865532 0.26644923
 1.         0.2        0.16666667 0.06666667 0.         0.03333333
 0.1        0.         0.         0.         0.03333333 0.
 0.         0.         0.06666667 0.1        0.         0.
 0.06666667 0.         0.         0.         0.         0.03333333
 0.         0.         0.         0.13333333]",2
36,Sono Bisque Doll wa Koi wo Suru,Marin Kitagawa (喜多川 海夢),23121,https://cdn.myanimelist.net/images/characters/10/459773.jpg,"[[194 237 253]
 [220 232 251]
 [185 227 253]
 [176 217 252]
 [200 212 249]
 [168 207 251]
 [204 211 220]
 [162 199 244]
 [170 193 234]
 [153 182 216]
 [136 165 196]
 [161 168 178]
 [119 147 176]
 [137 144 154]
 [ 97 132 174]
 [105 129 156]
 [ 88 114 145]
 [111 118 128]
 [ 76  98 126]
 [ 62  83 111]
 [ 50  67  90]
 [ 53  38 110]
 [ 27  33  63]
 [ 21  20  23]
 [ 50  48  52]
 [ 88  57 170]
 [189 189 189]
 [128 103 212]
 [243 246 248]
 [253 254 254]]","[0.52627451 0.58431373 0.70300654 0.24666719 0.27214481 0.26088884
 1.         0.1        0.1        0.         0.         0.03333333
 0.         0.         0.         0.         0.         0.
 0.03333333 0.         0.13333333 0.16666667 0.         0.
 0.1        0.         0.         0.         0.         0.
 0.         0.         0.         0.33333333]",1
37,Spy x Family,Anya Forger (アーニャ・フォージャー),14899,https://cdn.myanimelist.net/images/characters/4/457933.jpg,"[[216 233 251]
 [201 218 251]
 [156 222 246]
 [186 196 252]
 [190 201 210]
 [176 183 250]
 [170 172 246]
 [165 162 240]
 [147 153 214]
 [128 131 196]
 [109 106 178]
 [ 97 115 133]
 [ 95  83 168]
 [ 71  75 140]
 [ 66  73  82]
 [ 48  54 116]
 [ 26  31  93]
 [  7  10  73]
 [  4   8  36]
 [  3   3  10]
 [ 27  19  21]
 [ 39  43  49]
 [ 59  65  72]
 [ 81  89  94]
 [130 145 149]
 [162 175 179]
 [ 57  81 223]
 [125 162 248]
 [241 249 252]
 [254 254 254]]","[0.44915033 0.48509804 0.64392157 0.28034825 0.29730931 0.31471152
 1.         0.23333333 0.1        0.03333333 0.         0.03333333
 0.         0.         0.         0.         0.         0.03333333
 0.         0.         0.06666667 0.16666667 0.         0.
 0.06666667 0.         0.         0.         0.         0.
 0.         0.         0.         0.26666667]",2
38,Spy x Family,Yor Forger (ヨル・フォージャー),11259,https://cdn.myanimelist.net/images/characters/11/457934.jpg,"[[225 240 253]
 [212 233 252]
 [164 237 249]
 [207 227 245]
 [193 202 216]
 [134 206 223]
 [168 177 192]
 [ 93 159 181]
 [142 151 167]
 [119 125 154]
 [ 58 118 140]
 [ 98 104 149]
 [106 108 126]
 [ 84  90 121]
 [ 36  83 111]
 [ 66  71  89]
 [ 50  53  74]
 [ 13  44  67]
 [ 38  35  63]
 [ 24  23  43]
 [  7   7  27]
 [  5   2   8]
 [ 25  10  13]
 [ 31  17  24]
 [ 37  32  33]
 [ 40  40  41]
 [ 46  46  54]
 [ 84  95  93]
 [ 98 195 212]
 [253 254 254]]","[0.37333333 0.44235294 0.50640523 0.27622322 0.31683815 0.32064867
 1.         0.36666667 0.06666667 0.         0.         0.1
 0.         0.         0.         0.         0.         0.
 0.         0.         0.13333333 0.03333333 0.         0.
 0.13333333 0.         0.         0.         0.         0.
 0.         0.         0.         0.16666667]",6
39,Kaguya-sama wa Kokurasetai: Ultra Romantic,Kaguya Shinomiya (四宮 かぐや),26199,https://cdn.myanimelist.net/images/characters/2/504723.jpg,"[[226 241 254]
 [219 217 236]
 [197 200 214]
 [164 174 241]
 [147 160 195]
 [125 122 177]
 [100 107 144]
 [ 81  85 121]
 [ 63  64 103]
 [ 55  52  84]
 [ 33  36 117]
 [ 43  38  66]
 [ 26  25  48]
 [ 11  14  73]
 [  3   2  12]
 [ 25  19  25]
 [ 33  26  33]
 [ 43  33  43]
 [ 55  46  58]
 [ 51  26  62]
 [ 72  63  71]
 [ 87  70  85]
 [ 63  30  90]
 [101  83  98]
 [117 100 114]
 [131 119 135]
 [149 142 156]
 [ 40  52 172]
 [183 180 184]
 [247 247 248]]","[0.37777778 0.36248366 0.47830065 0.2641681  0.27791111 0.27476456
 1.         0.36666667 0.1        0.03333333 0.         0.03333333
 0.         0.         0.         0.         0.         0.06666667
 0.         0.         0.13333333 0.06666667 0.         0.
 0.03333333 0.         0.         0.         0.         0.
 0.         0.         0.         0.16666667]",6
40,Kaguya-sama wa Kokurasetai: Ultra Romantic,Yuu Ishigami (石上 優),21759,https://cdn.myanimelist.net/images/characters/7/372840.jpg,"[[212 223 246]
 [153 158 186]
 [129 132 153]
 [ 17  13  20]
 [ 29  20  28]
 [ 31  18  18]
 [ 34  21  22]
 [ 40  32  37]
 [ 41  24  22]
 [ 49  43  50]
 [ 59  39  38]
 [ 63  53  57]
 [ 71  62  68]
 [ 79  57  55]
 [ 83  80  87]
 [ 92  67  63]
 [101  97 103]
 [106  77  71]
 [121 115 121]
 [139 134 137]
 [152 148 154]
 [ 64 166 108]
 [169 166 167]
 [110 175 138]
 [179 178 182]
 [193 187 190]
 [204 208 215]
 [229 231 231]
 [242 244 245]
 [251 253 253]]","[0.44993464 0.44718954 0.45294118 0.26910445 0.29528046 0.29758781
 1.         0.36666667 0.03333333 0.         0.         0.03333333
 0.         0.         0.         0.         0.06666667 0.
 0.         0.         0.2        0.03333333 0.         0.03333333
 0.         0.         0.         0.         0.         0.
 0.         0.         0.         0.23333333]",6
41,Kaguya-sama wa Kokurasetai: Ultra Romantic,Chika Fujiwara (藤原 千花),16035,https://cdn.myanimelist.net/images/characters/15/559031.jpg,"[[223 233 250]
 [147 243 250]
 [211 227 245]
 [215 210 236]
 [207 202 232]
 [198 192 225]
 [175 174 201]
 [140 162 234]
 [146 146 188]
 [114 136 180]
 [130 122 179]
 [119 117 152]
 [ 94 105 141]
 [ 83  84 115]
 [ 42  51  96]
 [  3   3  13]
 [ 29  25  35]
 [ 41  35  42]
 [ 56  52  59]
 [ 74  69  79]
 [113  75  18]
 [148 106  27]
 [ 54  58 157]
 [167 162 161]
 [237 222 169]
 [244 244 245]
 [106 245 251]
 [ 11 236 251]
 [ 71 244 252]
 [ 41 242 253]]","[0.47568627 0.57803922 0.64522876 0.27377895 0.3027942  0.32019911
 1.         0.16666667 0.1        0.         0.         0.
 0.         0.         0.         0.1        0.03333333 0.
 0.         0.03333333 0.1        0.13333333 0.         0.
 0.06666667 0.         0.         0.         0.         0.
 0.         0.         0.03333333 0.23333333]",1
42,Kaguya-sama wa Kokurasetai: Ultra Romantic,Ai Hayasaka (早坂 愛),13033,https://cdn.myanimelist.net/images/characters/8/504012.jpg,"[[208 223 241]
 [171 224 236]
 [158 214 230]
 [196 204 213]
 [142 204 226]
 [130 197 218]
 [117 189 211]
 [102 180 206]
 [ 86 171 199]
 [127 154 179]
 [ 92 147 168]
 [ 74 120 146]
 [ 55  92 120]
 [ 46  73  92]
 [  2   1   5]
 [ 28  27  29]
 [ 46  46  48]
 [ 56  56  59]
 [104  53  30]
 [ 92  98 104]
 [124 130 137]
 [164  83  56]
 [167 165 166]
 [190 110  74]
 [178 184 191]
 [207 169  95]
 [222 222 222]
 [243 214 127]
 [241 243 244]
 [254 254 254]]","[0.52575163 0.58130719 0.59163399 0.26546815 0.26980028 0.29267749
 1.         0.13333333 0.03333333 0.         0.         0.06666667
 0.         0.         0.         0.         0.06666667 0.
 0.         0.         0.13333333 0.03333333 0.         0.
 0.2        0.         0.         0.         0.03333333 0.03333333
 0.         0.         0.03333333 0.23333333]",1
43,Tate no Yuusha no Nariagari Season 2,Raphtalia  (ラフタリア),10398,https://cdn.myanimelist.net/images/characters/6/374252.jpg,"[[228 237 251]
 [202 218 235]
 [139 207 240]
 [170 183 211]
 [124 179 230]
 [ 88 175 202]
 [110 158 220]
 [129 154 192]
 [ 96 144 213]
 [ 93 133 198]
 [111 137 167]
 [ 77 122 182]
 [ 91 117 146]
 [ 66 100 161]
 [ 30  98 145]
 [ 57  84 139]
 [ 41  72 122]
 [ 50  54 127]
 [ 33  47 104]
 [ 19  21  77]
 [  7  16  38]
 [ 50  50  51]
 [ 67  77  83]
 [131 149 116]
 [ 78 167 115]
 [ 80  51 173]
 [204 174 105]
 [218 196 144]
 [ 72 184 220]
 [243 220 181]]","[0.40575163 0.51294118 0.62588235 0.248329   0.24133721 0.22246415
 1.         0.13333333 0.13333333 0.03333333 0.         0.1
 0.03333333 0.         0.         0.03333333 0.         0.
 0.         0.         0.1        0.13333333 0.         0.
 0.1        0.         0.         0.         0.         0.
 0.         0.         0.06666667 0.13333333]",4
44,Date A Live IV,Kurumi Tokisaki (時崎 狂三),22498,https://cdn.myanimelist.net/images/characters/8/310255.jpg,"[[234 243 253]
 [220 230 250]
 [203 213 245]
 [183 195 241]
 [189 193 207]
 [162 174 225]
 [156 160 189]
 [109 147 228]
 [132 138 168]
 [116 119 135]
 [ 88  94 132]
 [ 87  85  99]
 [ 40  38 113]
 [ 37  37  66]
 [ 22  17  98]
 [ 14  12  71]
 [  9   9  42]
 [  4   4   7]
 [ 17  15  17]
 [ 27  25  26]
 [ 36  34  37]
 [ 48  45  47]
 [ 58  56  61]
 [ 70  68  78]
 [ 43  39 145]
 [ 58  56 147]
 [ 61  68 182]
 [ 81  83 198]
 [ 93 111 214]
 [253 253 254]]","[0.37254902 0.38705882 0.54575163 0.28302389 0.29928044 0.31344118
 1.         0.33333333 0.13333333 0.06666667 0.         0.
 0.         0.         0.         0.         0.         0.
 0.         0.         0.13333333 0.1        0.         0.
 0.03333333 0.         0.         0.         0.         0.
 0.         0.         0.         0.2       ]",2
45,Kaginado Season 2,Kanade Tachibana (立華 かなで / 天使),14116,https://cdn.myanimelist.net/images/characters/10/289337.jpg,"[[227 235 244]
 [216 214 229]
 [180 179 204]
 [164 165 197]
 [147 148 188]
 [101 101 155]
 [ 54  54  99]
 [ 56  11  38]
 [ 76  23  51]
 [ 82  45  83]
 [102  67 100]
 [108  44  71]
 [119  85 113]
 [136  58  83]
 [147 105 131]
 [152  75 101]
 [137 120 160]
 [169 137 157]
 [169  91 116]
 [180 109 132]
 [194 129 150]
 [202 150 168]
 [210 169 175]
 [200 194 213]
 [222 178 197]
 [234 203 215]
 [245 227 233]
 [236 238 246]
 [248 234 240]
 [249 244 247]]","[0.64862745 0.52705882 0.61908497 0.22716141 0.2714802  0.24089783
 1.         0.1        0.03333333 0.         0.         0.
 0.         0.         0.         0.         0.06666667 0.06666667
 0.         0.         0.2        0.06666667 0.         0.
 0.         0.         0.         0.         0.         0.1
 0.03333333 0.         0.         0.33333333]",0
46,Youkoso Jitsuryoku Shijou Shugi no Kyoushitsu e 2nd Season,Kiyotaka Ayanokouji (綾小路 清隆),36299,https://cdn.myanimelist.net/images/characters/4/539058.jpg,"[[230 230 241]
 [202 225 252]
 [190 201 237]
 [153 161 217]
 [133 127 200]
 [130 125 169]
 [113 112 159]
 [ 19   8  30]
 [ 48  26  68]
 [ 79  40  49]
 [ 84  52  87]
 [117  68  70]
 [ 98  81 118]
 [123  94 117]
 [106  38 127]
 [144 103  78]
 [150 126 129]
 [163 151 160]
 [ 95  39 166]
 [179 142  90]
 [ 94  49 189]
 [185 175 194]
 [200 165 109]
 [210 193 157]
 [221 190 119]
 [214 250 252]
 [253 231 128]
 [252 252 253]
 [254 250  72]
 [254 249 152]]","[0.61346405 0.54287582 0.57372549 0.24932395 0.29880995 0.24897514
 1.         0.1        0.03333333 0.         0.         0.
 0.         0.         0.         0.         0.03333333 0.1
 0.03333333 0.03333333 0.16666667 0.06666667 0.         0.
 0.         0.         0.         0.         0.         0.06666667
 0.         0.03333333 0.13333333 0.2       ]",1
47,Overlord IV,Momonga  (モモンガ),13722,https://cdn.myanimelist.net/images/characters/10/508402.jpg,"[[225 230 240]
 [157 206 233]
 [100 156 197]
 [ 72 119 166]
 [ 55  88 137]
 [ 86  74 147]
 [ 54  66 103]
 [ 28  61  76]
 [ 28  37  56]
 [ 24  16  94]
 [ 14   5  65]
 [  6   4  37]
 [  6   4   5]
 [ 18  11  15]
 [ 31  23  26]
 [ 47  36  40]
 [ 60  48  57]
 [ 69  57  68]
 [ 84  69  82]
 [ 95  91 107]
 [123  78 104]
 [ 33  28 132]
 [123 112 138]
 [155  86 146]
 [ 50  36 156]
 [153 140 163]
 [181 167 182]
 [ 70  54 208]
 [208 197 209]
 [253 253 254]]","[0.34091503 0.33359477 0.47620915 0.26173434 0.26941097 0.27061984
 1.         0.36666667 0.13333333 0.03333333 0.         0.06666667
 0.         0.         0.         0.         0.         0.06666667
 0.         0.         0.13333333 0.03333333 0.         0.
 0.03333333 0.         0.         0.         0.         0.
 0.03333333 0.         0.         0.1       ]",6
48,Made in Abyss: Retsujitsu no Ougonkyou,Nanachi  (ナナチ),10189,https://cdn.myanimelist.net/images/characters/10/350283.jpg,"[[179 203 217]
 [196 197 215]
 [167 188 202]
 [165 168 209]
 [155 177 190]
 [142 160 172]
 [128 148 159]
 [135 137 177]
 [133 137 149]
 [122 123 166]
 [124 126 142]
 [114 118 131]
 [102 106 117]
 [ 89  94 142]
 [ 87  93 107]
 [ 64  72  95]
 [ 34  46  52]
 [ 60  52  51]
 [ 64  67  71]
 [ 83  84  89]
 [ 87 141 134]
 [159 163 168]
 [173 177 179]
 [185 188 192]
 [213 213 195]
 [209 217 222]
 [225 226 228]
 [232 234 235]
 [214 235 239]
 [233 246 249]]","[0.55856209 0.59294118 0.63973856 0.21836174 0.22237611 0.21493567
 1.         0.1        0.06666667 0.         0.         0.
 0.         0.         0.         0.         0.         0.
 0.         0.         0.33333333 0.1        0.         0.
 0.06666667 0.         0.         0.         0.         0.
 0.         0.         0.         0.33333333]",4
49,"Kanojo, Okarishimasu 2nd Season",Chizuru Ichinose (一ノ瀬 ちづる),11392,https://cdn.myanimelist.net/images/characters/4/484261.jpg,"[[221 232 251]
 [210 221 246]
 [193 201 242]
 [115 190 238]
 [160 162 216]
 [147 150 207]
 [155 155 173]
 [108 133 182]
 [110 114 143]
 [ 84 100 171]
 [ 84  92 126]
 [ 73  86 139]
 [ 64  71 114]
 [ 62  65  97]
 [ 53  57  91]
 [ 47  50  84]
 [ 36  29  59]
 [ 46  38  67]
 [ 84  67  68]
 [107  91  93]
 [129  86  62]
 [143 133 133]
 [ 50  41 148]
 [191 139 136]
 [202 171 158]
 [213 189 196]
 [130 134 226]
 [236 223 219]
 [246 241 239]
 [251 252 253]]","[0.51633987 0.51150327 0.62444444 0.25914287 0.256639   0.24799839
 1.         0.13333333 0.13333333 0.         0.         0.06666667
 0.03333333 0.         0.         0.         0.         0.
 0.         0.03333333 0.1        0.16666667 0.         0.
 0.03333333 0.         0.         0.         0.         0.03333333
 0.         0.         0.03333333 0.23333333]",4
50,Chainsaw Man,Power  (パワー),21895,https://cdn.myanimelist.net/images/characters/7/494969.jpg,"[[198 218 248]
 [160 195 232]
 [147 188 230]
 [142 186 227]
 [146 175 211]
 [130 160 197]
 [117 144 179]
 [ 95 125 167]
 [114 123 157]
 [ 90 103 155]
 [ 96 110 138]
 [ 71  95 135]
 [ 90  98 107]
 [ 62  76  97]
 [ 38  55  80]
 [  8  20  58]
 [  2   1   6]
 [ 31  25  20]
 [ 49  50  45]
 [ 83  56  52]
 [115 124 127]
 [128 100  71]
 [129 138 140]
 [144 153 160]
 [ 17  23 174]
 [162 172 180]
 [181 191 199]
 [201 211 217]
 [215 234 237]
 [239 239 239]]","[0.44444444 0.4951634  0.58627451 0.23881963 0.26064704 0.27100044
 1.         0.2        0.03333333 0.03333333 0.         0.03333333
 0.         0.         0.         0.         0.         0.
 0.         0.03333333 0.26666667 0.06666667 0.         0.
 0.16666667 0.         0.         0.         0.         0.
 0.         0.         0.         0.16666667]",4
51,Chainsaw Man,Denji  (デンジ),19479,https://cdn.myanimelist.net/images/characters/3/492407.jpg,"[[211 225 248]
 [191 218 249]
 [165 205 254]
 [153 193 250]
 [168 185 211]
 [127 164 228]
 [129 148 180]
 [ 91 125 203]
 [ 94 119 151]
 [ 69  98 172]
 [ 89 104 126]
 [ 43  76 142]
 [ 40  67 121]
 [ 15  43 108]
 [ 41  45  74]
 [ 40  41  59]
 [  6  19  74]
 [  3   8  41]
 [  2   2   5]
 [ 18  18  20]
 [ 34  34  34]
 [ 40  41  42]
 [ 49  42  22]
 [ 15  63 152]
 [ 21  81 181]
 [ 46 106 205]
 [ 61 125 225]
 [ 91 133 226]
 [ 51 127 240]
 [242 245 252]]","[0.30653595 0.40522876 0.5875817  0.25571732 0.27049223 0.32219146
 1.         0.3        0.13333333 0.03333333 0.         0.
 0.13333333 0.         0.         0.         0.         0.
 0.         0.         0.06666667 0.13333333 0.         0.
 0.1        0.         0.         0.         0.         0.
 0.         0.         0.         0.1       ]",2
52,Chainsaw Man,Makima  (マキマ),16600,https://cdn.myanimelist.net/images/characters/4/489561.jpg,"[[212 229 248]
 [173 187 203]
 [146 159 173]
 [146 134 204]
 [114 126 213]
 [102 111 193]
 [115 125 160]
 [ 84  92 168]
 [ 84  96 113]
 [ 76  67 144]
 [ 56  58 133]
 [ 64  75  92]
 [ 45  42 112]
 [ 44  54  69]
 [ 27  30  91]
 [ 25  30  59]
 [  9  12  74]
 [  6   5  47]
 [  5   6   8]
 [ 30  31  21]
 [ 67  43 117]
 [107 120 122]
 [122 134 132]
 [ 64  52 156]
 [ 99 118 217]
 [199 217 223]
 [208 227 232]
 [215 234 237]
 [188 148 239]
 [228 240 248]]","[0.4        0.41856209 0.58143791 0.26464439 0.28208399 0.2715941
 1.         0.2        0.23333333 0.         0.         0.06666667
 0.         0.         0.         0.         0.         0.
 0.         0.         0.1        0.16666667 0.         0.
 0.         0.         0.         0.         0.         0.
 0.03333333 0.         0.         0.2       ]",6
53,Mob Psycho 100 III,Arataka Reigen (霊幻 新隆),39247,https://cdn.myanimelist.net/images/characters/16/308364.jpg,"[[173 197 216]
 [123 187 227]
 [155 177 199]
 [133 156 180]
 [ 62 145 187]
 [114 136 168]
 [ 85 110 133]
 [ 43 100 147]
 [ 66  97 109]
 [ 45  78  88]
 [ 22  55  61]
 [  5  23   9]
 [  5  33  33]
 [ 27  40  30]
 [ 43  55  46]
 [ 59  70  64]
 [ 85  81  81]
 [117 113 113]
 [119 136 134]
 [128  95 136]
 [151 151 144]
 [158 167 146]
 [170 178 154]
 [175 137 184]
 [180 186 163]
 [190 196 173]
 [203 203 192]
 [224 226 208]
 [246 245 224]
 [250 249 236]]","[0.4648366  0.52575163 0.54705882 0.27339218 0.24471957 0.24636431
 1.         0.2        0.03333333 0.         0.         0.06666667
 0.03333333 0.         0.         0.         0.03333333 0.
 0.         0.         0.23333333 0.03333333 0.         0.
 0.06666667 0.         0.         0.         0.         0.
 0.03333333 0.         0.06666667 0.2       ]",4
54,Mob Psycho 100 III,Shigeo Kageyama (影山 茂夫),26483,https://cdn.myanimelist.net/images/characters/6/343344.jpg,"[[205 223 241]
 [170 192 220]
 [130 155 195]
 [110 115 170]
 [ 85 111 118]
 [ 14  15  14]
 [ 13  36  19]
 [ 39  37  37]
 [ 27  40  29]
 [ 39  62  54]
 [ 65  70  67]
 [ 78 108  78]
 [109 124 100]
 [128 142 129]
 [ 63 158 151]
 [151 164 149]
 [107 169 102]
 [170 185 170]
 [121 186 119]
 [194 200 195]
 [100 203 201]
 [138 208 145]
 [148 221 162]
 [202 221 207]
 [226 209 165]
 [226 222 208]
 [227 220 191]
 [171 227 183]
 [228 234 229]
 [234 245 239]]","[0.51215686 0.61464052 0.56039216 0.26691569 0.26666077 0.26272237
 1.         0.2        0.         0.         0.03333333 0.03333333
 0.         0.         0.         0.         0.         0.
 0.         0.         0.16666667 0.06666667 0.         0.1
 0.03333333 0.         0.         0.         0.         0.
 0.         0.         0.03333333 0.33333333]",1
55,Bocchi the Rock!,Hitori Gotou (後藤 ひとり),15343,https://cdn.myanimelist.net/images/characters/8/491455.jpg,"[[233 227 252]
 [222 229 239]
 [212 219 239]
 [197 205 238]
 [192 177 240]
 [188 173 238]
 [175 176 226]
 [184 167 236]
 [170 161 219]
 [158 153 206]
 [147 138 209]
 [146 143 194]
 [146 123 198]
 [132 120 179]
 [129 131 145]
 [118 108 159]
 [105  99 139]
 [ 91  84 125]
 [ 76  70 105]
 [ 56  63  74]
 [ 36  21  14]
 [ 31  37  43]
 [ 48  51  59]
 [ 96  52  28]
 [123  94  62]
 [169 126  75]
 [159 161 170]
 [187 190 197]
 [214 201 117]
 [212 218 216]]","[0.56888889 0.53816993 0.63281046 0.22120552 0.2306351  0.2852924
 1.         0.13333333 0.03333333 0.         0.         0.
 0.         0.         0.         0.         0.03333333 0.03333333
 0.         0.06666667 0.1        0.2        0.         0.
 0.         0.         0.         0.         0.         0.
 0.06666667 0.         0.03333333 0.3       ]",1
56,Berserk: Ougon Jidai-hen - Memorial Edition,Guts  (ガッツ),83837,https://cdn.myanimelist.net/images/characters/13/284125.jpg,"[[211 234 249]
 [180 219 245]
 [148 204 239]
 [162 190 213]
 [124 177 212]
 [ 95 156 194]
 [115 144 171]
 [ 83 123 157]
 [ 66 100 131]
 [ 77  66 156]
 [ 51  81 107]
 [ 55  48 121]
 [ 38  59  84]
 [ 36  31  85]
 [ 22  19  56]
 [ 15  16  27]
 [  6   6  11]
 [ 28  31  38]
 [ 41  46  55]
 [ 62  67  72]
 [ 83  89  93]
 [108 112 115]
 [139 136 136]
 [164 159 159]
 [ 99  83 184]
 [193 178 176]
 [129 103 202]
 [220 205 201]
 [243 230 220]
 [250 251 249]]","[0.42392157 0.46575163 0.5696732  0.27087292 0.28281495 0.27311491
 1.         0.23333333 0.13333333 0.         0.         0.1
 0.         0.         0.         0.         0.         0.
 0.03333333 0.         0.1        0.1        0.         0.
 0.1        0.         0.         0.         0.         0.
 0.         0.         0.         0.2       ]",6
57,Berserk: Ougon Jidai-hen - Memorial Edition,Griffith  (グリフィス),15589,https://cdn.myanimelist.net/images/characters/9/326322.jpg,"[[217 220 234]
 [196 204 225]
 [154 191 226]
 [149 147 172]
 [116 127 155]
 [ 91  88 114]
 [ 68  61  84]
 [ 90  48  33]
 [121  88  89]
 [119 106 127]
 [134  77  53]
 [144 126 143]
 [151 114 108]
 [164 102  79]
 [177 145 140]
 [176 168 180]
 [182 127 112]
 [195 102  19]
 [196 187 198]
 [199 145 130]
 [207 160 148]
 [210 134  73]
 [217 173 161]
 [227 188 175]
 [230 174 134]
 [235 204 191]
 [235 234 241]
 [243 220 207]
 [248 234 224]
 [252 245 238]]","[0.69843137 0.59333333 0.57686275 0.19729128 0.20980979 0.24199892
 1.         0.03333333 0.         0.         0.         0.
 0.         0.         0.         0.         0.06666667 0.
 0.         0.03333333 0.2        0.03333333 0.         0.
 0.03333333 0.         0.         0.         0.06666667 0.13333333
 0.03333333 0.         0.06666667 0.3       ]",0
58,Vinland Saga Season 2,Thorfinn  (トルフィン),30974,https://cdn.myanimelist.net/images/characters/9/309871.jpg,"[[221 227 248]
 [189 204 249]
 [161 202 243]
 [146 192 238]
 [163 182 246]
 [157 187 221]
 [137 182 227]
 [140 163 244]
 [127 170 214]
 [144 169 203]
 [116 155 196]
 [132 149 182]
 [110 138 174]
 [ 92 127 163]
 [118 125 143]
 [ 64 115 156]
 [ 87 111 139]
 [103 105 115]
 [ 66  88 116]
 [ 65  70  80]
 [ 42  58  82]
 [ 33  40  51]
 [ 58  52  47]
 [ 86  87  94]
 [101  78  57]
 [124  96  57]
 [153 122  63]
 [160 148 135]
 [200 191 188]
 [120 142 238]]","[0.47254902 0.53267974 0.62862745 0.17750676 0.19311243 0.27014675
 1.         0.13333333 0.         0.         0.         0.06666667
 0.         0.         0.         0.         0.03333333 0.
 0.         0.06666667 0.2        0.2        0.         0.
 0.2        0.         0.         0.         0.         0.
 0.         0.         0.         0.1       ]",4
59,Vinland Saga Season 2,Askeladd  (アシェラッド),28184,https://cdn.myanimelist.net/images/characters/14/401940.jpg,"[[185 219 229]
 [111 176 184]
 [134 154 168]
 [122 145 160]
 [115 139 153]
 [ 99 125 133]
 [ 83 110 117]
 [ 66  98 103]
 [ 24  45  54]
 [  8  11  10]
 [ 15  14  13]
 [ 27  23  22]
 [ 12  33  27]
 [ 25  42  35]
 [ 49  42  38]
 [ 37  52  45]
 [ 61  56  52]
 [ 43  62  62]
 [ 47  73  72]
 [ 64  73  81]
 [ 80  81  72]
 [ 54  83  81]
 [ 72  84  91]
 [ 94  96  89]
 [113 112 103]
 [133 132 125]
 [ 94 144 145]
 [147 153 151]
 [105 151 153]
 [162 179 184]]","[0.31124183 0.38       0.38588235 0.18141366 0.20892148 0.22378978
 1.         0.46666667 0.03333333 0.         0.         0.06666667
 0.         0.         0.         0.         0.         0.
 0.         0.         0.33333333 0.         0.         0.
 0.06666667 0.         0.         0.         0.         0.
 0.         0.         0.         0.03333333]",4
60,Trigun Stampede,Vash the Stampede  (ヴァッシュ・ザ・スタンピード),17208,https://cdn.myanimelist.net/images/characters/10/89607.jpg,"[[222 237 252]
 [161 228 249]
 [198 219 251]
 [127 200 237]
 [101 180 227]
 [162 171 196]
 [ 97 167 209]
 [136 143 167]
 [ 75 121 153]
 [110 113 137]
 [ 76  85 110]
 [ 49  60  96]
 [ 16  23 108]
 [ 31  35  57]
 [  1   4  62]
 [  1   4  26]
 [  1   1   4]
 [ 12   3   1]
 [ 25  29  35]
 [ 62  64  63]
 [ 49  55 152]
 [161 123  87]
 [ 73  78 195]
 [196 206 211]
 [ 53  61 217]
 [213 226 225]
 [ 83  89 229]
 [ 60  68 231]
 [231 237 236]
 [247 250 251]]","[0.39594771 0.45490196 0.61098039 0.2916225  0.32024757 0.32143374
 1.         0.23333333 0.1        0.1        0.         0.06666667
 0.03333333 0.         0.         0.         0.         0.
 0.         0.         0.1        0.03333333 0.         0.
 0.13333333 0.         0.         0.         0.         0.
 0.         0.         0.         0.2       ]",2
61,Kono Subarashii Sekai ni Bakuen wo!,Megumin  (めぐみん),41487,https://cdn.myanimelist.net/images/characters/14/349249.jpg,"[[224 243 252]
 [193 218 248]
 [155 184 231]
 [114 152 212]
 [ 64 135 199]
 [ 98 125 163]
 [ 26 104 158]
 [ 85  97 127]
 [ 70  80 103]
 [ 37  64  97]
 [ 51  56  66]
 [ 41  43  53]
 [  8  15  97]
 [ 11  29  63]
 [ 30  33  43]
 [ 12  17  32]
 [ 65  52  63]
 [ 75  67  78]
 [101  84  96]
 [132 121 130]
 [  5  21 134]
 [ 32  45 143]
 [162 159 168]
 [ 38  68 186]
 [197 190 195]
 [ 44  82 215]
 [219 214 218]
 [ 81 180 229]
 [115 213 247]
 [253 253 253]]","[0.3579085  0.43712418 0.58810458 0.27418456 0.28137764 0.27351544
 1.         0.23333333 0.16666667 0.06666667 0.         0.03333333
 0.03333333 0.         0.         0.03333333 0.         0.03333333
 0.         0.         0.13333333 0.03333333 0.         0.
 0.06666667 0.         0.         0.         0.         0.
 0.         0.         0.         0.16666667]",2
62,Kono Subarashii Sekai ni Bakuen wo!,Kazuma Satou (佐藤 和真),20774,https://cdn.myanimelist.net/images/characters/8/301302.jpg,"[[190 216 239]
 [164 193 211]
 [126 190 214]
 [140 167 196]
 [125 153 170]
 [110 128 151]
 [ 98 114 143]
 [ 93 103 130]
 [ 88  92 118]
 [ 79  82 108]
 [ 66  73  93]
 [ 58  57  74]
 [ 73  68  34]
 [ 78  85  69]
 [100  90  87]
 [111 106  48]
 [113 114  64]
 [121 118 115]
 [153 147 135]
 [179 175 171]
 [204 155 113]
 [223 210 194]
 [226 189 147]
 [234 203 165]
 [234 234 235]
 [241 217 185]
 [244 236 218]
 [245 227 200]
 [248 244 231]
 [250 249 247]]","[0.60313725 0.60588235 0.58888889 0.25484645 0.23194954 0.23668019
 1.         0.06666667 0.06666667 0.         0.03333333 0.
 0.         0.         0.         0.         0.         0.
 0.         0.06666667 0.23333333 0.06666667 0.         0.
 0.06666667 0.         0.         0.         0.         0.03333333
 0.         0.         0.06666667 0.3       ]",1
63,Kono Subarashii Sekai ni Bakuen wo!,Aqua  (アクア),11083,https://cdn.myanimelist.net/images/characters/14/282523.jpg,"[[205 238 252]
 [185 209 246]
 [162 170 226]
 [128 126 169]
 [ 57 122 187]
 [  4   0   1]
 [ 74  27  11]
 [105  64  35]
 [103  90 112]
 [113  39  18]
 [128 104  41]
 [142  62  22]
 [157 146  64]
 [157  84  60]
 [170  85  22]
 [178 111  88]
 [179 143 140]
 [185 113  46]
 [197 201  96]
 [202 135  67]
 [205 151 204]
 [218 158 102]
 [221 173 154]
 [230 173 238]
 [239 186 130]
 [ 81 186 239]
 [239 200 172]
 [247 220 209]
 [253 240 236]
 [254 253 253]]","[0.65594771 0.55019608 0.50196078 0.24449743 0.25329235 0.33136829
 1.         0.06666667 0.         0.         0.         0.
 0.03333333 0.         0.         0.03333333 0.13333333 0.
 0.         0.06666667 0.06666667 0.         0.         0.
 0.03333333 0.         0.         0.         0.1        0.1
 0.03333333 0.         0.1        0.23333333]",0
64,Rurouni Kenshin: Meiji Kenkaku Romantan (2023),Kenshin Himura (緋村 剣心),13043,https://cdn.myanimelist.net/images/characters/8/73810.jpg,"[[220 240 253]
 [193 221 252]
 [176 209 250]
 [158 196 244]
 [196 199 211]
 [143 184 238]
 [181 183 195]
 [137 172 216]
 [117 162 219]
 [154 159 172]
 [101 132 189]
 [130 137 154]
 [ 77  96 167]
 [ 98 108 130]
 [ 61  69 144]
 [ 50  64 103]
 [ 53  51 127]
 [ 35  40 122]
 [ 25  35  88]
 [ 30  30  41]
 [  7  17  57]
 [  5   8  30]
 [ 61  51  44]
 [ 84  78  76]
 [ 47  75 168]
 [ 82  79 200]
 [ 54  93 200]
 [ 94  96 204]
 [224 221 223]
 [249 251 252]]","[0.42379085 0.4779085  0.64954248 0.26516674 0.28089262 0.26870708
 1.         0.16666667 0.2        0.03333333 0.         0.03333333
 0.03333333 0.         0.         0.         0.         0.
 0.         0.         0.06666667 0.13333333 0.         0.
 0.1        0.         0.         0.         0.         0.
 0.         0.         0.         0.23333333]",2
65,Sousou no Frieren,Frieren  (フリーレン),22759,https://cdn.myanimelist.net/images/characters/7/525105.jpg,"[[232 241 254]
 [176 195 226]
 [134 192 220]
 [122 186 216]
 [113 153 180]
 [ 77 123 145]
 [ 67  96 115]
 [ 45  69  86]
 [ 37  31 113]
 [ 30  37  46]
 [ 22  21  19]
 [ 50  50  53]
 [ 68  65  68]
 [ 82  78  81]
 [ 97  92  98]
 [111 105 112]
 [122 111  52]
 [123 120 127]
 [137 133 140]
 [153 147 153]
 [165 161 168]
 [181 177 181]
 [ 70  55 191]
 [202 192 196]
 [205 179 188]
 [211 204 209]
 [221 219 225]
 [238 229 233]
 [244 232 238]
 [251 250 251]]","[0.52104575 0.54156863 0.59921569 0.27171827 0.26456564 0.26496458
 1.         0.16666667 0.06666667 0.03333333 0.         0.06666667
 0.         0.         0.         0.         0.         0.
 0.         0.03333333 0.2        0.03333333 0.         0.
 0.06666667 0.         0.         0.         0.         0.
 0.         0.         0.         0.33333333]",1
66,Kusuriya no Hitorigoto,Maomao  (猫猫),13914,https://cdn.myanimelist.net/images/characters/16/371204.jpg,"[[237 237 252]
 [220 224 250]
 [189 184 232]
 [158 147 209]
 [131 116 182]
 [  9  10   7]
 [ 24  27  14]
 [ 38  39  25]
 [ 49  52  36]
 [ 62  66  47]
 [ 76  78  61]
 [ 89  93  73]
 [100  40  53]
 [ 68 106  58]
 [102 112  87]
 [103  85 117]
 [106 121  49]
 [120 129 107]
 [114 141  78]
 [142 149 130]
 [126 164 110]
 [167 170 157]
 [142 190 137]
 [156 202 151]
 [184 205 172]
 [212 196 204]
 [204 221 188]
 [223 234 213]
 [242 249 239]
 [251 252 251]]","[0.52862745 0.55411765 0.50836601 0.26183121 0.2760464  0.30421278
 1.         0.2        0.         0.         0.03333333 0.
 0.         0.         0.         0.         0.03333333 0.
 0.         0.1        0.16666667 0.06666667 0.         0.1
 0.         0.         0.         0.         0.         0.
 0.         0.         0.         0.3       ]",1
67,16bit Sensation: Another Layer,Saber  (セイバー),32380,https://cdn.myanimelist.net/images/characters/6/275276.jpg,"[[229 230 241]
 [216 225 241]
 [179 216 238]
 [199 213 236]
 [166 198 227]
 [146 175 214]
 [129 153 197]
 [107 133 188]
 [ 84 110 176]
 [ 65  90 162]
 [ 43  68 134]
 [ 45  55 103]
 [ 34  26  57]
 [  8   1   3]
 [ 48  12  15]
 [ 73  21  20]
 [ 95  30  18]
 [102  59  65]
 [116 105 130]
 [145  82  87]
 [151  54  23]
 [162 134 140]
 [191 171 176]
 [192 116  87]
 [217 142 107]
 [225 213 222]
 [235 169 131]
 [239 196 161]
 [247 223 196]
 [253 252 248]]","[0.56745098 0.50614379 0.55464052 0.28182985 0.29283718 0.30458361
 1.         0.13333333 0.06666667 0.         0.         0.03333333
 0.03333333 0.         0.         0.         0.1        0.03333333
 0.         0.         0.06666667 0.06666667 0.         0.
 0.06666667 0.         0.         0.         0.         0.1
 0.         0.         0.03333333 0.26666667]",1
68,Ore dake Level Up na Ken,Jin-Woo Sung (성 진우),17628,https://cdn.myanimelist.net/images/characters/2/540692.jpg,"[[188 230 253]
 [176 213 246]
 [169 207 241]
 [145 179 220]
 [127 155 199]
 [115 143 179]
 [ 99 123 151]
 [ 83 104 128]
 [ 66  85 104]
 [ 49  62  76]
 [  6   5   6]
 [ 21  17  17]
 [ 38  29  31]
 [ 51  45  46]
 [ 62  54  54]
 [ 68  42  48]
 [ 73  65  65]
 [ 79  51  56]
 [ 93  82  76]
 [113 108 106]
 [138 132 130]
 [144 106  89]
 [165 161 160]
 [190 186 186]
 [191 153 122]
 [200 165 136]
 [217 206 205]
 [218 181 151]
 [234 231 223]
 [254 254 254]]","[0.4930719  0.49333333 0.51738562 0.26198296 0.27342156 0.29232207
 1.         0.3        0.         0.         0.         0.06666667
 0.         0.         0.         0.         0.03333333 0.
 0.         0.         0.16666667 0.06666667 0.         0.
 0.06666667 0.         0.         0.         0.         0.06666667
 0.         0.         0.03333333 0.2       ]",1
69,Ao no Exorcist: Shimane Illuminati-hen,Rin Okumura (奥村 燐),13411,https://cdn.myanimelist.net/images/characters/10/114367.jpg,"[[209 231 250]
 [181 184 199]
 [154 155 199]
 [140 138 191]
 [128 130 170]
 [118 115 132]
 [ 93  90 108]
 [ 67  65  81]
 [ 19  12  16]
 [ 29  19  23]
 [ 44  26  29]
 [ 45  37  40]
 [ 53  44  46]
 [ 59  31  35]
 [ 68  37  39]
 [ 87  59  51]
 [109  82  64]
 [134 111  82]
 [153 142 152]
 [161 141 103]
 [167 159 169]
 [171 155 139]
 [189 172 126]
 [203 203 209]
 [211 196 148]
 [215 216 224]
 [233 222 175]
 [234 240 247]
 [248 240 204]
 [252 251 249]]","[0.54562092 0.51019608 0.50980392 0.27182013 0.29258748 0.29146868
 1.         0.26666667 0.         0.         0.         0.
 0.         0.         0.         0.         0.06666667 0.
 0.         0.03333333 0.16666667 0.1        0.         0.
 0.         0.         0.         0.         0.         0.03333333
 0.         0.         0.06666667 0.26666667]",1
70,Ookami to Koushinryou: Merchant Meets the Wise Wolf,Holo  (ホロ),28677,https://cdn.myanimelist.net/images/characters/15/319492.jpg,"[[220 233 251]
 [134 214 252]
 [190 200 226]
 [143 163 220]
 [134 145 178]
 [ 73 118 197]
 [ 87 107 150]
 [ 37  80 160]
 [ 70  75 115]
 [ 31  54 109]
 [  5  33 115]
 [  5  22  86]
 [ 14  14  51]
 [ 71  33  72]
 [126  68 138]
 [  6  44 140]
 [137 151 124]
 [165 101 150]
 [183 177 122]
 [136 187 155]
 [ 51 109 198]
 [148 200 174]
 [198 204 168]
 [ 55 124 218]
 [168 218 194]
 [219 172 222]
 [ 59  50 222]
 [207 229 211]
 [ 64 149 245]
 [243 250 251]]","[0.44169935 0.51294118 0.66849673 0.27911448 0.27644027 0.2156595
 1.         0.06666667 0.2        0.03333333 0.         0.
 0.13333333 0.         0.         0.         0.         0.03333333
 0.         0.         0.1        0.06666667 0.         0.03333333
 0.1        0.         0.         0.         0.         0.
 0.         0.         0.06666667 0.16666667]",2
71,Kuroshitsuji: Kishuku Gakkou-hen,Sebastian Michaelis (セバスチャン・ミカエリス),22327,https://cdn.myanimelist.net/images/characters/6/44160.jpg,"[[227 238 249]
 [176 184 194]
 [161 169 179]
 [145 154 164]
 [131 139 148]
 [103 129 162]
 [ 88 107 138]
 [ 74  87 113]
 [ 74  75  86]
 [  1   1   4]
 [  6   6   7]
 [  8   8  11]
 [ 12  10  12]
 [ 14  14  17]
 [ 19  19  22]
 [ 24  23  28]
 [ 28  28  35]
 [ 36  35  41]
 [ 42  42  47]
 [ 49  50  56]
 [ 58  55  62]
 [ 66  66  72]
 [ 95  99 105]
 [113 119 127]
 [193 200 208]
 [205 213 221]
 [218 224 231]
 [240 237 236]
 [251 252 252]
 [241 248 253]]","[0.40496732 0.42235294 0.45490196 0.31908323 0.32890429 0.33371451
 1.         0.43333333 0.03333333 0.         0.         0.03333333
 0.         0.         0.         0.         0.         0.
 0.         0.         0.2        0.03333333 0.         0.
 0.         0.         0.         0.         0.         0.
 0.         0.         0.         0.26666667]",6
72,Kuroshitsuji: Kishuku Gakkou-hen,Ciel Phantomhive (シエル・ファントムハイヴ),11850,https://cdn.myanimelist.net/images/characters/9/253757.jpg,"[[234 239 249]
 [216 232 249]
 [194 223 249]
 [205 211 222]
 [150 185 222]
 [154 162 176]
 [137 145 158]
 [ 91 133 180]
 [118 125 139]
 [ 47  99 165]
 [ 97 105 120]
 [ 79  85  99]
 [ 41  77 125]
 [ 59  63  75]
 [ 34  52  87]
 [ 18  30 118]
 [ 39  42  53]
 [ 16  20  93]
 [ 16  19  77]
 [ 16  18  58]
 [ 12  13  44]
 [  5   7  29]
 [  4   3   6]
 [  9   8  12]
 [ 17  15  21]
 [ 26  26  33]
 [ 55  26  27]
 [ 77  36  36]
 [187 189 196]
 [244 246 252]]","[0.33947712 0.37045752 0.46666667 0.2994543  0.31704734 0.31270586
 1.         0.4        0.13333333 0.         0.         0.06666667
 0.         0.         0.         0.         0.         0.
 0.         0.         0.1        0.06666667 0.         0.
 0.03333333 0.         0.         0.         0.         0.
 0.         0.         0.         0.2       ]",6
73,Sword Art Online Alternative: Gun Gale Online II,Kazuto Kirigaya (桐ヶ谷 和人),40327,https://cdn.myanimelist.net/images/characters/7/204821.jpg,"[[179 217 253]
 [172 213 253]
 [161 205 246]
 [177 205 237]
 [152 180 215]
 [126 153 188]
 [ 96 122 162]
 [ 72 102 163]
 [ 78  97 133]
 [ 57  72 103]
 [ 34  47  73]
 [ 15  21  39]
 [  5   3   7]
 [ 16   4   4]
 [ 23  11  10]
 [ 29  18  16]
 [ 36  24  22]
 [ 44  31  29]
 [ 54  41  38]
 [ 64  51  49]
 [ 74  61  59]
 [ 88  73  72]
 [100  62  43]
 [109  94  92]
 [133 121 119]
 [155 145 144]
 [168 159 160]
 [187 175 174]
 [221 201 195]
 [250 249 249]]","[0.40196078 0.41267974 0.46366013 0.25916545 0.29049566 0.32827954
 1.         0.36666667 0.03333333 0.         0.         0.06666667
 0.         0.         0.         0.         0.06666667 0.
 0.         0.         0.16666667 0.03333333 0.         0.
 0.06666667 0.         0.         0.         0.         0.
 0.         0.         0.         0.2       ]",6
74,Natsume Yuujinchou Shichi,Takashi Natsume (夏目貴志),10197,https://cdn.myanimelist.net/images/characters/6/160755.jpg,"[[194 242 254]
 [187 221 247]
 [153 189 222]
 [101 164 214]
 [114 160 203]
 [103 144 187]
 [ 88 125 166]
 [ 95  96 159]
 [ 71 102 141]
 [ 62  74 119]
 [ 29  57  99]
 [ 51  61  82]
 [ 23  37  69]
 [  4  11  40]
 [  8   2   2]
 [ 30  36  44]
 [ 84  96 101]
 [121 127 129]
 [128 175 162]
 [182 159 162]
 [182 179 180]
 [101 212 160]
 [143 212 189]
 [146 111 223]
 [121 228 183]
 [236 224 221]
 [148 236 201]
 [196 250 229]
 [251 253 253]
 [231 253 243]]","[0.46836601 0.57986928 0.63843137 0.26385423 0.29932426 0.26246478
 1.         0.16666667 0.06666667 0.         0.         0.06666667
 0.         0.         0.         0.         0.         0.
 0.         0.         0.1        0.13333333 0.         0.06666667
 0.13333333 0.         0.         0.         0.         0.03333333
 0.         0.         0.         0.23333333]",4
